Type,Run,Epoch1,Epoch2,Stage1,Stage2,Similarity,Matrix_Type,n
Between_Epochs,0,0,5,after_training,after_training,0.55057256,binary,5
Between_Epochs,0,5,10,after_training,after_training,0.55107593,binary,5
Between_Epochs,0,10,15,after_training,after_training,0.55484961,binary,5
Between_Epochs,0,15,20,after_training,after_training,0.55054860,binary,5
Between_Epochs,0,20,25,after_training,after_training,0.55172360,binary,5
Between_Epochs,0,30,35,after_training,after_training,0.55706948,binary,5
Between_Epochs,0,25,30,after_training,after_training,0.55480142,binary,5
Between_Epochs,0,35,40,after_training,after_training,0.55306865,binary,5
Between_Epochs,0,40,45,after_training,after_training,0.55578987,binary,5
Between_Epochs,0,45,50,after_training,after_training,0.55586224,binary,5
Between_Epochs,0,50,55,after_training,after_training,0.55728698,binary,5
Between_Epochs,0,55,60,after_training,after_training,0.55501829,binary,5
Between_Epochs,0,60,65,after_training,after_training,0.55497009,binary,5
Between_Epochs,0,65,70,after_training,after_training,0.55463279,binary,5
Between_Epochs,0,75,80,after_training,after_training,0.55492189,binary,5
Between_Epochs,0,70,75,after_training,after_training,0.55839960,binary,5
Between_Epochs,0,80,85,after_training,after_training,0.55574162,binary,5
Between_Epochs,0,85,90,after_training,after_training,0.55677957,binary,5
Between_Epochs,0,90,95,after_training,after_training,0.55480142,binary,5
Between_Epochs,0,95,100,after_training,after_training,0.55709364,binary,5
Between_Epochs,0,100,105,after_training,after_training,0.55492189,binary,5
Between_Epochs,0,105,110,after_training,after_training,0.55470505,binary,5
Between_Epochs,0,110,115,after_training,after_training,0.55837540,binary,5
Between_Epochs,0,115,120,after_training,after_training,0.55468096,binary,5
Between_Epochs,0,120,125,after_training,after_training,0.55340527,binary,5
Between_Epochs,0,125,130,after_training,after_training,0.55501829,binary,5
Between_Epochs,0,130,135,after_training,after_training,0.55574162,binary,5
Between_Epochs,0,135,140,after_training,after_training,0.55554867,binary,5
Between_Epochs,0,140,145,after_training,after_training,0.55615181,binary,5
Between_Epochs,0,150,155,after_training,after_training,0.55362175,binary,5
Between_Epochs,0,145,150,after_training,after_training,0.55743201,binary,5
Between_Epochs,0,155,160,after_training,after_training,0.55470505,binary,5
Between_Epochs,0,160,165,after_training,after_training,0.55661051,binary,5
Between_Epochs,0,165,170,after_training,after_training,0.55523522,binary,5
Between_Epochs,0,170,175,after_training,after_training,0.55431971,binary,5
Between_Epochs,0,175,180,after_training,after_training,0.55607940,binary,5
Between_Epochs,0,180,185,after_training,after_training,0.55537987,binary,5
Between_Epochs,0,185,190,after_training,after_training,0.55687619,binary,5
Between_Epochs,0,190,195,after_training,after_training,0.55477733,binary,5
Between_Epochs,1,10,15,after_training,after_training,0.55211193,binary,5
Between_Epochs,1,0,5,after_training,after_training,0.55406455,binary,5
Between_Epochs,1,5,10,after_training,after_training,0.55095714,binary,5
Between_Epochs,1,20,25,after_training,after_training,0.55165462,binary,5
Between_Epochs,1,15,20,after_training,after_training,0.55648197,binary,5
Between_Epochs,1,25,30,after_training,after_training,0.55138999,binary,5
Between_Epochs,1,30,35,after_training,after_training,0.55674835,binary,5
Between_Epochs,1,35,40,after_training,after_training,0.55483731,binary,5
Between_Epochs,1,45,50,after_training,after_training,0.55544156,binary,5
Between_Epochs,1,40,45,after_training,after_training,0.55573177,binary,5
Between_Epochs,1,50,55,after_training,after_training,0.55268997,binary,5
Between_Epochs,1,60,65,after_training,after_training,0.55433010,binary,5
Between_Epochs,1,55,60,after_training,after_training,0.55527232,binary,5
Between_Epochs,1,65,70,after_training,after_training,0.55495812,binary,5
Between_Epochs,1,75,80,after_training,after_training,0.55428181,binary,5
Between_Epochs,1,70,75,after_training,after_training,0.55476483,binary,5
Between_Epochs,1,80,85,after_training,after_training,0.55691791,binary,5
Between_Epochs,1,85,90,after_training,after_training,0.55725714,binary,5
Between_Epochs,1,90,95,after_training,after_training,0.55636092,binary,5
Between_Epochs,1,95,100,after_training,after_training,0.55478899,binary,5
Between_Epochs,1,100,105,after_training,after_training,0.55669991,binary,5
Between_Epochs,1,105,110,after_training,after_training,0.55631251,binary,5
Between_Epochs,1,110,115,after_training,after_training,0.55488563,binary,5
Between_Epochs,1,115,120,after_training,after_training,0.55638513,binary,5
Between_Epochs,1,120,125,after_training,after_training,0.55708750,binary,5
Between_Epochs,1,125,130,after_training,after_training,0.55515146,binary,5
Between_Epochs,1,135,140,after_training,after_training,0.55672413,binary,5
Between_Epochs,1,130,135,after_training,after_training,0.55433010,binary,5
Between_Epochs,1,145,150,after_training,after_training,0.55701481,binary,5
Between_Epochs,1,150,155,after_training,after_training,0.55587691,binary,5
Between_Epochs,1,155,160,after_training,after_training,0.55384735,binary,5
Between_Epochs,1,140,145,after_training,after_training,0.55699059,binary,5
Between_Epochs,1,160,165,after_training,after_training,0.55435424,binary,5
Between_Epochs,1,165,170,after_training,after_training,0.55532067,binary,5
Between_Epochs,1,170,175,after_training,after_training,0.55558665,binary,5
Between_Epochs,1,175,180,after_training,after_training,0.55590110,binary,5
Between_Epochs,1,180,185,after_training,after_training,0.55423352,binary,5
Between_Epochs,1,185,190,after_training,after_training,0.55517563,binary,5
Between_Epochs,1,190,195,after_training,after_training,0.55476483,binary,5
Between_Epochs,2,0,5,after_training,after_training,0.55566897,binary,5
Between_Epochs,2,20,25,after_training,after_training,0.54793635,binary,5
Between_Epochs,2,5,10,after_training,after_training,0.54829375,binary,5
Between_Epochs,2,10,15,after_training,after_training,0.55214023,binary,5
Between_Epochs,2,15,20,after_training,after_training,0.55372258,binary,5
Between_Epochs,2,30,35,after_training,after_training,0.55432280,binary,5
Between_Epochs,2,35,40,after_training,after_training,0.55439486,binary,5
Between_Epochs,2,25,30,after_training,after_training,0.55146991,binary,5
Between_Epochs,2,40,45,after_training,after_training,0.55480331,binary,5
Between_Epochs,2,50,55,after_training,after_training,0.55552463,binary,5
Between_Epochs,2,55,60,after_training,after_training,0.55564491,binary,5
Between_Epochs,2,60,65,after_training,after_training,0.55444290,binary,5
Between_Epochs,2,45,50,after_training,after_training,0.55365059,binary,5
Between_Epochs,2,65,70,after_training,after_training,0.55627069,binary,5
Between_Epochs,2,70,75,after_training,after_training,0.55545246,binary,5
Between_Epochs,2,75,80,after_training,after_training,0.55415469,binary,5
Between_Epochs,2,80,85,after_training,after_training,0.55631885,binary,5
Between_Epochs,2,85,90,after_training,after_training,0.55605402,binary,5
Between_Epochs,2,90,95,after_training,after_training,0.55374658,binary,5
Between_Epochs,2,100,105,after_training,after_training,0.55660786,binary,5
Between_Epochs,2,95,100,after_training,after_training,0.55451497,binary,5
Between_Epochs,2,105,110,after_training,after_training,0.55487541,binary,5
Between_Epochs,2,115,120,after_training,after_training,0.55461107,binary,5
Between_Epochs,2,110,115,after_training,after_training,0.55456302,binary,5
Between_Epochs,2,120,125,after_training,after_training,0.55745142,binary,5
Between_Epochs,2,125,130,after_training,after_training,0.55357860,binary,5
Between_Epochs,2,130,135,after_training,after_training,0.55480331,binary,5
Between_Epochs,2,135,140,after_training,after_training,0.55696927,binary,5
Between_Epochs,2,140,145,after_training,after_training,0.55576522,binary,5
Between_Epochs,2,145,150,after_training,after_training,0.55610216,binary,5
Between_Epochs,2,155,160,after_training,after_training,0.55523602,binary,5
Between_Epochs,2,150,155,after_training,after_training,0.55581334,binary,5
Between_Epochs,2,160,165,after_training,after_training,0.55362659,binary,5
Between_Epochs,2,165,170,after_training,after_training,0.55477928,binary,5
Between_Epochs,2,170,175,after_training,after_training,0.55307487,binary,5
Between_Epochs,2,175,180,after_training,after_training,0.55535626,binary,5
Between_Epochs,2,180,185,after_training,after_training,0.55494752,binary,5
Between_Epochs,2,185,190,after_training,after_training,0.55602995,binary,5
Between_Epochs,2,190,195,after_training,after_training,0.55571709,binary,5
Between_Epochs,3,5,10,after_training,after_training,0.54855432,binary,5
Between_Epochs,3,0,5,after_training,after_training,0.55455052,binary,5
Between_Epochs,3,10,15,after_training,after_training,0.55337161,binary,5
Between_Epochs,3,15,20,after_training,after_training,0.55233853,binary,5
Between_Epochs,3,20,25,after_training,after_training,0.55197848,binary,5
Between_Epochs,3,25,30,after_training,after_training,0.55243457,binary,5
Between_Epochs,3,30,35,after_training,after_training,0.55344374,binary,5
Between_Epochs,3,35,40,after_training,after_training,0.55476725,binary,5
Between_Epochs,3,55,60,after_training,after_training,0.55387664,binary,5
Between_Epochs,3,50,55,after_training,after_training,0.55517680,binary,5
Between_Epochs,3,40,45,after_training,after_training,0.55580357,binary,5
Between_Epochs,3,45,50,after_training,after_training,0.55467092,binary,5
Between_Epochs,3,60,65,after_training,after_training,0.55580357,binary,5
Between_Epochs,3,70,75,after_training,after_training,0.55565889,binary,5
Between_Epochs,3,65,70,after_training,after_training,0.55775946,binary,5
Between_Epochs,3,75,80,after_training,after_training,0.55505632,binary,5
Between_Epochs,3,80,85,after_training,after_training,0.55558655,binary,5
Between_Epochs,3,85,90,after_training,after_training,0.55455052,binary,5
Between_Epochs,3,90,95,after_training,after_training,0.55628605,binary,5
Between_Epochs,3,95,100,after_training,after_training,0.55717943,binary,5
Between_Epochs,3,100,105,after_training,after_training,0.55455052,binary,5
Between_Epochs,3,110,115,after_training,after_training,0.55679298,binary,5
Between_Epochs,3,105,110,after_training,after_training,0.55606890,binary,5
Between_Epochs,3,115,120,after_training,after_training,0.55561066,binary,5
Between_Epochs,3,120,125,after_training,after_training,0.55713111,binary,5
Between_Epochs,3,130,135,after_training,after_training,0.55464684,binary,5
Between_Epochs,3,125,130,after_training,after_training,0.55821897,binary,5
Between_Epochs,3,135,140,after_training,after_training,0.55539370,binary,5
Between_Epochs,3,140,145,after_training,after_training,0.55592416,binary,5
Between_Epochs,3,150,155,after_training,after_training,0.55539370,binary,5
Between_Epochs,3,145,150,after_training,after_training,0.55672054,binary,5
Between_Epochs,3,155,160,after_training,after_training,0.55640672,binary,5
Between_Epochs,3,160,165,after_training,after_training,0.55546601,binary,5
Between_Epochs,3,175,180,after_training,after_training,0.55573123,binary,5
Between_Epochs,3,165,170,after_training,after_training,0.55551423,binary,5
Between_Epochs,3,170,175,after_training,after_training,0.55563477,binary,5
Between_Epochs,3,180,185,after_training,after_training,0.55536960,binary,5
Between_Epochs,3,185,190,after_training,after_training,0.55382853,binary,5
Between_Epochs,3,190,195,after_training,after_training,0.55426165,binary,5
Between_Epochs,4,0,5,after_training,after_training,0.55389315,binary,5
Between_Epochs,4,10,15,after_training,after_training,0.55229643,binary,5
Between_Epochs,4,5,10,after_training,after_training,0.54894437,binary,5
Between_Epochs,4,15,20,after_training,after_training,0.55343315,binary,5
Between_Epochs,4,30,35,after_training,after_training,0.55488670,binary,5
Between_Epochs,4,20,25,after_training,after_training,0.54899250,binary,5
Between_Epochs,4,25,30,after_training,after_training,0.55360259,binary,5
Between_Epochs,4,35,40,after_training,after_training,0.55273158,binary,5
Between_Epochs,4,40,45,after_training,after_training,0.55382050,binary,5
Between_Epochs,4,45,50,after_training,after_training,0.55505646,binary,5
Between_Epochs,4,50,55,after_training,after_training,0.55695056,binary,5
Between_Epochs,4,55,60,after_training,after_training,0.55534756,binary,5
Between_Epochs,4,60,65,after_training,after_training,0.55636727,binary,5
Between_Epochs,4,70,75,after_training,after_training,0.55478971,binary,5
Between_Epochs,4,65,70,after_training,after_training,0.55614865,binary,5
Between_Epochs,4,75,80,after_training,after_training,0.55646445,binary,5
Between_Epochs,4,80,85,after_training,after_training,0.55624581,binary,5
Between_Epochs,4,85,90,after_training,after_training,0.55425650,binary,5
Between_Epochs,4,90,95,after_training,after_training,0.55464425,binary,5
Between_Epochs,4,95,100,after_training,after_training,0.55641586,binary,5
Between_Epochs,4,100,105,after_training,after_training,0.55559023,binary,5
Between_Epochs,4,105,110,after_training,after_training,0.55563877,binary,5
Between_Epochs,4,110,115,after_training,after_training,0.55549315,binary,5
Between_Epochs,4,115,120,after_training,after_training,0.55685332,binary,5
Between_Epochs,4,120,125,after_training,after_training,0.55707213,binary,5
Between_Epochs,4,125,130,after_training,after_training,0.55612436,binary,5
Between_Epochs,4,130,135,after_training,after_training,0.55345736,binary,5
Between_Epochs,4,135,140,after_training,after_training,0.55522626,binary,5
Between_Epochs,4,140,145,after_training,after_training,0.55571159,binary,5
Between_Epochs,4,145,150,after_training,after_training,0.55181323,binary,5
Between_Epochs,4,150,155,after_training,after_training,0.55629439,binary,5
Between_Epochs,4,155,160,after_training,after_training,0.55500795,binary,5
Between_Epochs,4,160,165,after_training,after_training,0.55345736,binary,5
Between_Epochs,4,165,170,after_training,after_training,0.55634297,binary,5
Between_Epochs,4,170,175,after_training,after_training,0.55724237,binary,5
Between_Epochs,4,175,180,after_training,after_training,0.55488670,binary,5
Between_Epochs,4,190,195,after_training,after_training,0.55612436,binary,5
Between_Epochs,4,180,185,after_training,after_training,0.55362680,binary,5
Between_Epochs,4,185,190,after_training,after_training,0.55345736,binary,5
Between_Epochs,0,0,10,after_training,after_training,0.53889571,binary,10
Between_Epochs,0,20,30,after_training,after_training,0.54377327,binary,10
Between_Epochs,0,10,20,after_training,after_training,0.54734440,binary,10
Between_Epochs,0,30,40,after_training,after_training,0.54803672,binary,10
Between_Epochs,0,50,60,after_training,after_training,0.55021321,binary,10
Between_Epochs,0,40,50,after_training,after_training,0.54858625,binary,10
Between_Epochs,0,70,80,after_training,after_training,0.55359770,binary,10
Between_Epochs,0,60,70,after_training,after_training,0.55030902,binary,10
Between_Epochs,0,80,90,after_training,after_training,0.55354959,binary,10
Between_Epochs,0,90,100,after_training,after_training,0.55227575,binary,10
Between_Epochs,0,100,110,after_training,after_training,0.55078825,binary,10
Between_Epochs,0,110,120,after_training,after_training,0.55117185,binary,10
Between_Epochs,0,120,130,after_training,after_training,0.54997374,binary,10
Between_Epochs,0,130,140,after_training,after_training,0.55287636,binary,10
Between_Epochs,0,140,150,after_training,after_training,0.55299653,binary,10
Between_Epochs,0,150,160,after_training,after_training,0.54951894,binary,10
Between_Epochs,0,160,170,after_training,after_training,0.55357364,binary,10
Between_Epochs,0,170,180,after_training,after_training,0.55299653,binary,10
Between_Epochs,0,180,190,after_training,after_training,0.55234780,binary,10
Between_Epochs,1,0,10,after_training,after_training,0.54673757,binary,10
Between_Epochs,1,10,20,after_training,after_training,0.54731161,binary,10
Between_Epochs,1,20,30,after_training,after_training,0.54208920,binary,10
Between_Epochs,1,40,50,after_training,after_training,0.54848494,binary,10
Between_Epochs,1,30,40,after_training,after_training,0.55167868,binary,10
Between_Epochs,1,50,60,after_training,after_training,0.54999613,binary,10
Between_Epochs,1,60,70,after_training,after_training,0.55042844,binary,10
Between_Epochs,1,70,80,after_training,after_training,0.55146215,binary,10
Between_Epochs,1,80,90,after_training,after_training,0.55437839,binary,10
Between_Epochs,1,90,100,after_training,after_training,0.55225640,binary,10
Between_Epochs,1,100,110,after_training,after_training,0.55187121,binary,10
Between_Epochs,1,120,130,after_training,after_training,0.55244907,binary,10
Between_Epochs,1,130,140,after_training,after_training,0.55242499,binary,10
Between_Epochs,1,150,160,after_training,after_training,0.55134188,binary,10
Between_Epochs,1,140,150,after_training,after_training,0.55476483,binary,10
Between_Epochs,1,110,120,after_training,after_training,0.55312379,binary,10
Between_Epochs,1,160,170,after_training,after_training,0.55208786,binary,10
Between_Epochs,1,170,180,after_training,after_training,0.55350960,binary,10
Between_Epochs,1,180,190,after_training,after_training,0.55254542,binary,10
Between_Epochs,2,0,10,after_training,after_training,0.54242954,binary,10
Between_Epochs,2,10,20,after_training,after_training,0.54503564,binary,10
Between_Epochs,2,40,50,after_training,after_training,0.55015488,binary,10
Between_Epochs,2,20,30,after_training,after_training,0.53891345,binary,10
Between_Epochs,2,70,80,after_training,after_training,0.55257146,binary,10
Between_Epochs,2,30,40,after_training,after_training,0.54555791,binary,10
Between_Epochs,2,60,70,after_training,after_training,0.55194865,binary,10
Between_Epochs,2,50,60,after_training,after_training,0.55120672,binary,10
Between_Epochs,2,80,90,after_training,after_training,0.55075234,binary,10
Between_Epochs,2,90,100,after_training,after_training,0.55223604,binary,10
Between_Epochs,2,100,110,after_training,after_training,0.55429878,binary,10
Between_Epochs,2,110,120,after_training,after_training,0.55125457,binary,10
Between_Epochs,2,140,150,after_training,after_training,0.55273923,binary,10
Between_Epochs,2,150,160,after_training,after_training,0.55357860,binary,10
Between_Epochs,2,120,130,after_training,after_training,0.55329071,binary,10
Between_Epochs,2,130,140,after_training,after_training,0.55226000,binary,10
Between_Epochs,2,160,170,after_training,after_training,0.55056110,binary,10
Between_Epochs,2,170,180,after_training,after_training,0.55113496,binary,10
Between_Epochs,2,180,190,after_training,after_training,0.55319477,binary,10
Between_Epochs,3,0,10,after_training,after_training,0.54182220,binary,10
Between_Epochs,3,10,20,after_training,after_training,0.54574016,binary,10
Between_Epochs,3,20,30,after_training,after_training,0.54497876,binary,10
Between_Epochs,3,30,40,after_training,after_training,0.54678831,binary,10
Between_Epochs,3,60,70,after_training,after_training,0.55205047,binary,10
Between_Epochs,3,40,50,after_training,after_training,0.55049202,binary,10
Between_Epochs,3,70,80,after_training,after_training,0.54994132,binary,10
Between_Epochs,3,50,60,after_training,after_training,0.55089931,binary,10
Between_Epochs,3,80,90,after_training,after_training,0.55044412,binary,10
Between_Epochs,3,90,100,after_training,after_training,0.55253063,binary,10
Between_Epochs,3,120,130,after_training,after_training,0.55471909,binary,10
Between_Epochs,3,100,110,after_training,after_training,0.55253063,binary,10
Between_Epochs,3,110,120,after_training,after_training,0.55325142,binary,10
Between_Epochs,3,130,140,after_training,after_training,0.55209848,binary,10
Between_Epochs,3,140,150,after_training,after_training,0.55397287,binary,10
Between_Epochs,3,150,160,after_training,after_training,0.55219449,binary,10
Between_Epochs,3,160,170,after_training,after_training,0.55370826,binary,10
Between_Epochs,3,170,180,after_training,after_training,0.55236254,binary,10
Between_Epochs,3,180,190,after_training,after_training,0.55094724,binary,10
Between_Epochs,4,0,10,after_training,after_training,0.54436183,binary,10
Between_Epochs,4,20,30,after_training,after_training,0.54049628,binary,10
Between_Epochs,4,10,20,after_training,after_training,0.54445753,binary,10
Between_Epochs,4,60,70,after_training,after_training,0.55357838,binary,10
Between_Epochs,4,40,50,after_training,after_training,0.55005208,binary,10
Between_Epochs,4,50,60,after_training,after_training,0.55248980,binary,10
Between_Epochs,4,30,40,after_training,after_training,0.54817472,binary,10
Between_Epochs,4,70,80,after_training,after_training,0.55183738,binary,10
Between_Epochs,4,80,90,after_training,after_training,0.55171662,binary,10
Between_Epochs,4,100,110,after_training,after_training,0.55520200,binary,10
Between_Epochs,4,90,100,after_training,after_training,0.55186154,binary,10
Between_Epochs,4,120,130,after_training,after_training,0.55265904,binary,10
Between_Epochs,4,110,120,after_training,after_training,0.55307019,binary,10
Between_Epochs,4,130,140,after_training,after_training,0.55265904,binary,10
Between_Epochs,4,140,150,after_training,after_training,0.55128205,binary,10
Between_Epochs,4,150,160,after_training,after_training,0.55087184,binary,10
Between_Epochs,4,160,170,after_training,after_training,0.55128205,binary,10
Between_Epochs,4,180,190,after_training,after_training,0.55140274,binary,10
Between_Epochs,4,170,180,after_training,after_training,0.55355418,binary,10
Between_Epochs,0,20,40,after_training,after_training,0.53275996,binary,20
Between_Epochs,0,0,20,after_training,after_training,0.52613887,binary,20
Between_Epochs,0,60,80,after_training,after_training,0.54524734,binary,20
Between_Epochs,0,80,100,after_training,after_training,0.54674806,binary,20
Between_Epochs,0,40,60,after_training,after_training,0.53986402,binary,20
Between_Epochs,0,100,120,after_training,after_training,0.54417717,binary,20
Between_Epochs,0,120,140,after_training,after_training,0.54548535,binary,20
Between_Epochs,0,140,160,after_training,after_training,0.54534253,binary,20
Between_Epochs,0,160,180,after_training,after_training,0.54920792,binary,20
Between_Epochs,1,20,40,after_training,after_training,0.53445077,binary,20
Between_Epochs,1,0,20,after_training,after_training,0.53480382,binary,20
Between_Epochs,1,60,80,after_training,after_training,0.54406432,binary,20
Between_Epochs,1,40,60,after_training,after_training,0.53921885,binary,20
Between_Epochs,1,80,100,after_training,after_training,0.54630731,binary,20
Between_Epochs,1,100,120,after_training,after_training,0.54719198,binary,20
Between_Epochs,1,120,140,after_training,after_training,0.54680930,binary,20
Between_Epochs,1,140,160,after_training,after_training,0.54640291,binary,20
Between_Epochs,1,160,180,after_training,after_training,0.54652241,binary,20
Between_Epochs,2,0,20,after_training,after_training,0.52808920,binary,20
Between_Epochs,2,60,80,after_training,after_training,0.54264244,binary,20
Between_Epochs,2,80,100,after_training,after_training,0.54389735,binary,20
Between_Epochs,2,20,40,after_training,after_training,0.52489237,binary,20
Between_Epochs,2,100,120,after_training,after_training,0.54650841,binary,20
Between_Epochs,2,140,160,after_training,after_training,0.54788871,binary,20
Between_Epochs,2,40,60,after_training,after_training,0.54157854,binary,20
Between_Epochs,2,120,140,after_training,after_training,0.54908060,binary,20
Between_Epochs,2,160,180,after_training,after_training,0.54546293,binary,20
Between_Epochs,3,0,20,after_training,after_training,0.52904435,binary,20
Between_Epochs,3,20,40,after_training,after_training,0.53252306,binary,20
Between_Epochs,3,40,60,after_training,after_training,0.54101733,binary,20
Between_Epochs,3,60,80,after_training,after_training,0.54208278,binary,20
Between_Epochs,3,80,100,after_training,after_training,0.54616878,binary,20
Between_Epochs,3,100,120,after_training,after_training,0.54595444,binary,20
Between_Epochs,3,120,140,after_training,after_training,0.54833932,binary,20
Between_Epochs,3,140,160,after_training,after_training,0.54752764,binary,20
Between_Epochs,3,160,180,after_training,after_training,0.54786176,binary,20
Between_Epochs,4,0,20,after_training,after_training,0.53007075,binary,20
Between_Epochs,4,20,40,after_training,after_training,0.52896795,binary,20
Between_Epochs,4,60,80,after_training,after_training,0.54632588,binary,20
Between_Epochs,4,80,100,after_training,after_training,0.54709369,binary,20
Between_Epochs,4,40,60,after_training,after_training,0.54149660,binary,20
Between_Epochs,4,100,120,after_training,after_training,0.54860755,binary,20
Between_Epochs,4,120,140,after_training,after_training,0.54630190,binary,20
Between_Epochs,4,140,160,after_training,after_training,0.54558279,binary,20
Between_Epochs,4,160,180,after_training,after_training,0.54920911,binary,20
Between_Epochs,0,18,21,after_training,after_training,0.55636905,binary,3
Between_Epochs,0,12,15,after_training,after_training,0.55893229,binary,3
Between_Epochs,0,0,3,after_training,after_training,0.55723864,binary,3
Between_Epochs,0,3,6,after_training,after_training,0.55323694,binary,3
Between_Epochs,0,6,9,after_training,after_training,0.55412710,binary,3
Between_Epochs,0,15,18,after_training,after_training,0.55699699,binary,3
Between_Epochs,0,9,12,after_training,after_training,0.55533165,binary,3
Between_Epochs,0,21,24,after_training,after_training,0.55569338,binary,3
Between_Epochs,0,30,33,after_training,after_training,0.55946534,binary,3
Between_Epochs,0,45,48,after_training,after_training,0.55576574,binary,3
Between_Epochs,0,27,30,after_training,after_training,0.55740784,binary,3
Between_Epochs,0,24,27,after_training,after_training,0.55801242,binary,3
Between_Epochs,0,33,36,after_training,after_training,0.55675541,binary,3
Between_Epochs,0,39,42,after_training,after_training,0.55668296,binary,3
Between_Epochs,0,42,45,after_training,after_training,0.55784309,binary,3
Between_Epochs,0,36,39,after_training,after_training,0.55670711,binary,3
Between_Epochs,0,57,60,after_training,after_training,0.55644148,binary,3
Between_Epochs,0,60,63,after_training,after_training,0.55714197,binary,3
Between_Epochs,0,69,72,after_training,after_training,0.55786728,binary,3
Between_Epochs,0,54,57,after_training,after_training,0.55687619,binary,3
Between_Epochs,0,66,69,after_training,after_training,0.55743201,binary,3
Between_Epochs,0,48,51,after_training,after_training,0.55711780,binary,3
Between_Epochs,0,51,54,after_training,after_training,0.55793985,binary,3
Between_Epochs,0,63,66,after_training,after_training,0.55985324,binary,3
Between_Epochs,0,78,81,after_training,after_training,0.55789147,binary,3
Between_Epochs,0,75,78,after_training,after_training,0.55871433,binary,3
Between_Epochs,0,84,87,after_training,after_training,0.55714197,binary,3
Between_Epochs,0,72,75,after_training,after_training,0.55873854,binary,3
Between_Epochs,0,87,90,after_training,after_training,0.55854484,binary,3
Between_Epochs,0,81,84,after_training,after_training,0.55670711,binary,3
Between_Epochs,0,93,96,after_training,after_training,0.55760125,binary,3
Between_Epochs,0,90,93,after_training,after_training,0.55743201,binary,3
Between_Epochs,0,99,102,after_training,after_training,0.55781890,binary,3
Between_Epochs,0,108,111,after_training,after_training,0.55622421,binary,3
Between_Epochs,0,105,108,after_training,after_training,0.55764962,binary,3
Between_Epochs,0,96,99,after_training,after_training,0.55762543,binary,3
Between_Epochs,0,102,105,after_training,after_training,0.55755290,binary,3
Between_Epochs,0,111,114,after_training,after_training,0.55883541,binary,3
Between_Epochs,0,114,117,after_training,after_training,0.55750454,binary,3
Between_Epochs,0,117,120,after_training,after_training,0.55482551,binary,3
Between_Epochs,0,123,126,after_training,after_training,0.55728698,binary,3
Between_Epochs,0,126,129,after_training,after_training,0.55530754,binary,3
Between_Epochs,0,129,132,after_training,after_training,0.55723864,binary,3
Between_Epochs,0,120,123,after_training,after_training,0.55624835,binary,3
Between_Epochs,0,132,135,after_training,after_training,0.55781890,binary,3
Between_Epochs,0,135,138,after_training,after_training,0.55806081,binary,3
Between_Epochs,0,138,141,after_training,after_training,0.55690035,binary,3
Between_Epochs,0,141,144,after_training,after_training,0.55620008,binary,3
Between_Epochs,0,147,150,after_training,after_training,0.55719030,binary,3
Between_Epochs,0,153,156,after_training,after_training,0.55448827,binary,3
Between_Epochs,0,144,147,after_training,after_training,0.55866590,binary,3
Between_Epochs,0,159,162,after_training,after_training,0.55641734,binary,3
Between_Epochs,0,156,159,after_training,after_training,0.55574162,binary,3
Between_Epochs,0,150,153,after_training,after_training,0.55525932,binary,3
Between_Epochs,0,162,165,after_training,after_training,0.55948958,binary,3
Between_Epochs,0,165,168,after_training,after_training,0.55825439,binary,3
Between_Epochs,0,168,171,after_training,after_training,0.55673126,binary,3
Between_Epochs,0,174,177,after_training,after_training,0.55651392,binary,3
Between_Epochs,0,171,174,after_training,after_training,0.55603114,binary,3
Between_Epochs,0,177,180,after_training,after_training,0.55774635,binary,3
Between_Epochs,0,183,186,after_training,after_training,0.55748036,binary,3
Between_Epochs,0,186,189,after_training,after_training,0.55827859,binary,3
Between_Epochs,0,180,183,after_training,after_training,0.55571750,binary,3
Between_Epochs,0,189,192,after_training,after_training,0.55755290,binary,3
Between_Epochs,0,192,195,after_training,after_training,0.55716614,binary,3
Between_Epochs,0,195,198,after_training,after_training,0.55583811,binary,3
Between_Epochs,1,0,3,after_training,after_training,0.55609468,binary,3
Between_Epochs,1,3,6,after_training,after_training,0.55653040,binary,3
Between_Epochs,1,6,9,after_training,after_training,0.55585272,binary,3
Between_Epochs,1,15,18,after_training,after_training,0.55779051,binary,3
Between_Epochs,1,9,12,after_training,after_training,0.55653040,binary,3
Between_Epochs,1,12,15,after_training,after_training,0.55594949,binary,3
Between_Epochs,1,18,21,after_training,after_training,0.55747529,binary,3
Between_Epochs,1,21,24,after_training,after_training,0.55677257,binary,3
Between_Epochs,1,27,30,after_training,after_training,0.55418524,binary,3
Between_Epochs,1,24,27,after_training,after_training,0.55546574,binary,3
Between_Epochs,1,30,33,after_training,after_training,0.55665147,binary,3
Between_Epochs,1,39,42,after_training,after_training,0.55394387,binary,3
Between_Epochs,1,36,39,after_training,after_training,0.55689368,binary,3
Between_Epochs,1,33,36,after_training,after_training,0.55910125,binary,3
Between_Epochs,1,42,45,after_training,after_training,0.55924702,binary,3
Between_Epochs,1,45,48,after_training,after_training,0.55674835,binary,3
Between_Epochs,1,51,54,after_training,after_training,0.55505478,binary,3
Between_Epochs,1,54,57,after_training,after_training,0.55732985,binary,3
Between_Epochs,1,48,51,after_training,after_training,0.55653040,binary,3
Between_Epochs,1,60,63,after_training,after_training,0.55718443,binary,3
Between_Epochs,1,63,66,after_training,after_training,0.55686946,binary,3
Between_Epochs,1,57,60,after_training,after_training,0.55805733,binary,3
Between_Epochs,1,69,72,after_training,after_training,0.55633671,binary,3
Between_Epochs,1,66,69,after_training,after_training,0.55718443,binary,3
Between_Epochs,1,72,75,after_training,after_training,0.55742681,binary,3
Between_Epochs,1,75,78,after_training,after_training,0.55674835,binary,3
Between_Epochs,1,78,81,after_training,after_training,0.55691791,binary,3
Between_Epochs,1,81,84,after_training,after_training,0.55791178,binary,3
Between_Epochs,1,84,87,after_training,after_training,0.55771776,binary,3
Between_Epochs,1,87,90,after_training,after_training,0.55745105,binary,3
Between_Epochs,1,90,93,after_training,after_training,0.55749953,binary,3
Between_Epochs,1,93,96,after_training,after_training,0.55745105,binary,3
Between_Epochs,1,96,99,after_training,after_training,0.55781476,binary,3
Between_Epochs,1,99,102,after_training,after_training,0.55740257,binary,3
Between_Epochs,1,102,105,after_training,after_training,0.55793604,binary,3
Between_Epochs,1,105,108,after_training,after_training,0.55725714,binary,3
Between_Epochs,1,108,111,after_training,after_training,0.55771776,binary,3
Between_Epochs,1,111,114,after_training,after_training,0.55774201,binary,3
Between_Epochs,1,114,117,after_training,after_training,0.55893121,binary,3
Between_Epochs,1,117,120,after_training,after_training,0.55796030,binary,3
Between_Epochs,1,120,123,after_training,after_training,0.55735409,binary,3
Between_Epochs,1,123,126,after_training,after_training,0.55720867,binary,3
Between_Epochs,1,126,129,after_training,after_training,0.55846988,binary,3
Between_Epochs,1,129,132,after_training,after_training,0.55883407,binary,3
Between_Epochs,1,132,135,after_training,after_training,0.55764501,binary,3
Between_Epochs,1,135,138,after_training,after_training,0.55822718,binary,3
Between_Epochs,1,138,141,after_training,after_training,0.55694213,binary,3
Between_Epochs,1,141,144,after_training,after_training,0.55861553,binary,3
Between_Epochs,1,144,147,after_training,after_training,0.55791178,binary,3
Between_Epochs,1,147,150,after_training,after_training,0.55728137,binary,3
Between_Epochs,1,150,153,after_training,after_training,0.55781476,binary,3
Between_Epochs,1,153,156,after_training,after_training,0.55640934,binary,3
Between_Epochs,1,159,162,after_training,after_training,0.55883407,binary,3
Between_Epochs,1,156,159,after_training,after_training,0.55575595,binary,3
Between_Epochs,1,162,165,after_training,after_training,0.55788753,binary,3
Between_Epochs,1,165,168,after_training,after_training,0.55699059,binary,3
Between_Epochs,1,168,171,after_training,after_training,0.55587691,binary,3
Between_Epochs,1,171,174,after_training,after_training,0.55716020,binary,3
Between_Epochs,1,174,177,after_training,after_training,0.55776626,binary,3
Between_Epochs,1,177,180,after_training,after_training,0.55667569,binary,3
Between_Epochs,1,180,183,after_training,after_training,0.55861553,binary,3
Between_Epochs,1,183,186,after_training,after_training,0.55665147,binary,3
Between_Epochs,1,186,189,after_training,after_training,0.55728137,binary,3
Between_Epochs,1,189,192,after_training,after_training,0.55699059,binary,3
Between_Epochs,1,192,195,after_training,after_training,0.55524815,binary,3
Between_Epochs,1,195,198,after_training,after_training,0.55686946,binary,3
Between_Epochs,2,9,12,after_training,after_training,0.55410667,binary,3
Between_Epochs,2,0,3,after_training,after_training,0.55631885,binary,3
Between_Epochs,2,3,6,after_training,after_training,0.55562085,binary,3
Between_Epochs,2,6,9,after_training,after_training,0.55278717,binary,3
Between_Epochs,2,15,18,after_training,after_training,0.55805452,binary,3
Between_Epochs,2,12,15,after_training,after_training,0.55728264,binary,3
Between_Epochs,2,18,21,after_training,after_training,0.55757200,binary,3
Between_Epochs,2,21,24,after_training,after_training,0.55391460,binary,3
Between_Epochs,2,24,27,after_training,after_training,0.55574115,binary,3
Between_Epochs,2,30,33,after_training,after_training,0.55554868,binary,3
Between_Epochs,2,33,36,after_training,after_training,0.55615031,binary,3
Between_Epochs,2,27,30,after_training,after_training,0.55665604,binary,3
Between_Epochs,2,36,39,after_training,after_training,0.55598181,binary,3
Between_Epochs,2,39,42,after_training,after_training,0.55856149,binary,3
Between_Epochs,2,42,45,after_training,after_training,0.55694518,binary,3
Between_Epochs,2,45,48,after_training,after_training,0.55764436,binary,3
Between_Epochs,2,48,51,after_training,after_training,0.55562085,binary,3
Between_Epochs,2,51,54,after_training,after_training,0.55713799,binary,3
Between_Epochs,2,57,60,after_training,after_training,0.55557274,binary,3
Between_Epochs,2,54,57,after_training,after_training,0.55807866,binary,3
Between_Epochs,2,60,63,after_training,after_training,0.55723442,binary,3
Between_Epochs,2,63,66,after_training,after_training,0.55737908,binary,3
Between_Epochs,2,66,69,after_training,after_training,0.55735497,binary,3
Between_Epochs,2,69,72,after_training,after_training,0.55812693,binary,3
Between_Epochs,2,72,75,after_training,after_training,0.55749965,binary,3
Between_Epochs,2,75,78,after_training,after_training,0.55672831,binary,3
Between_Epochs,2,78,81,after_training,after_training,0.55612624,binary,3
Between_Epochs,2,81,84,after_training,after_training,0.55776498,binary,3
Between_Epochs,2,84,87,after_training,after_training,0.55583741,binary,3
Between_Epochs,2,90,93,after_training,after_training,0.55627069,binary,3
Between_Epochs,2,87,90,after_training,after_training,0.55757200,binary,3
Between_Epochs,2,93,96,after_training,after_training,0.55752377,binary,3
Between_Epochs,2,96,99,after_training,after_training,0.55711389,binary,3
Between_Epochs,2,102,105,after_training,after_training,0.55877886,binary,3
Between_Epochs,2,105,108,after_training,after_training,0.55754789,binary,3
Between_Epochs,2,99,102,after_training,after_training,0.55453899,binary,3
Between_Epochs,2,111,114,after_training,after_training,0.55708978,binary,3
Between_Epochs,2,114,117,after_training,after_training,0.55473121,binary,3
Between_Epochs,2,108,111,after_training,after_training,0.55759612,binary,3
Between_Epochs,2,117,120,after_training,after_training,0.55653560,binary,3
Between_Epochs,2,120,123,after_training,after_training,0.55824761,binary,3
Between_Epochs,2,123,126,after_training,after_training,0.55786148,binary,3
Between_Epochs,2,126,129,after_training,after_training,0.55655969,binary,3
Between_Epochs,2,129,132,after_training,after_training,0.55542841,binary,3
Between_Epochs,2,132,135,after_training,after_training,0.55622254,binary,3
Between_Epochs,2,138,141,after_training,after_training,0.55827175,binary,3
Between_Epochs,2,135,138,after_training,after_training,0.55832004,binary,3
Between_Epochs,2,141,144,after_training,after_training,0.55646334,binary,3
Between_Epochs,2,144,147,after_training,after_training,0.55894797,binary,3
Between_Epochs,2,147,150,after_training,after_training,0.55701748,binary,3
Between_Epochs,2,150,153,after_training,after_training,0.55740319,binary,3
Between_Epochs,2,153,156,after_training,after_training,0.55696927,binary,3
Between_Epochs,2,159,162,after_training,after_training,0.55759612,binary,3
Between_Epochs,2,156,159,after_training,after_training,0.55598181,binary,3
Between_Epochs,2,162,165,after_training,after_training,0.55547652,binary,3
Between_Epochs,2,165,168,after_training,after_training,0.55651151,binary,3
Between_Epochs,2,168,171,after_training,after_training,0.55677650,binary,3
Between_Epochs,2,171,174,after_training,after_training,0.55629477,binary,3
Between_Epochs,2,174,177,after_training,after_training,0.55701748,binary,3
Between_Epochs,2,180,183,after_training,after_training,0.55713799,binary,3
Between_Epochs,2,177,180,after_training,after_training,0.55648743,binary,3
Between_Epochs,2,183,186,after_training,after_training,0.55663195,binary,3
Between_Epochs,2,186,189,after_training,after_training,0.55651151,binary,3
Between_Epochs,2,189,192,after_training,after_training,0.55610216,binary,3
Between_Epochs,2,192,195,after_training,after_training,0.55800626,binary,3
Between_Epochs,2,195,198,after_training,after_training,0.55588554,binary,3
Between_Epochs,3,6,9,after_training,after_training,0.55363611,binary,3
Between_Epochs,3,0,3,after_training,after_training,0.55701033,binary,3
Between_Epochs,3,12,15,after_training,after_training,0.55546601,binary,3
Between_Epochs,3,18,21,after_training,after_training,0.55534549,binary,3
Between_Epochs,3,15,18,after_training,after_training,0.55715527,binary,3
Between_Epochs,3,21,24,after_training,after_training,0.55703449,binary,3
Between_Epochs,3,3,6,after_training,after_training,0.55679298,binary,3
Between_Epochs,3,9,12,after_training,after_training,0.55686542,binary,3
Between_Epochs,3,42,45,after_training,after_training,0.55846092,binary,3
Between_Epochs,3,45,48,after_training,after_training,0.55749356,binary,3
Between_Epochs,3,27,30,after_training,after_training,0.55512860,binary,3
Between_Epochs,3,30,33,after_training,after_training,0.55730023,binary,3
Between_Epochs,3,39,42,after_training,after_training,0.55662396,binary,3
Between_Epochs,3,36,39,after_training,after_training,0.55795291,binary,3
Between_Epochs,3,24,27,after_training,after_training,0.55759024,binary,3
Between_Epochs,3,33,36,after_training,after_training,0.55536960,binary,3
Between_Epochs,3,66,69,after_training,after_training,0.55884820,binary,3
Between_Epochs,3,48,51,after_training,after_training,0.55737272,binary,3
Between_Epochs,3,54,57,after_training,after_training,0.55701033,binary,3
Between_Epochs,3,63,66,after_training,after_training,0.55693787,binary,3
Between_Epochs,3,57,60,after_training,after_training,0.55710695,binary,3
Between_Epochs,3,69,72,after_training,after_training,0.55800127,binary,3
Between_Epochs,3,60,63,after_training,after_training,0.56005969,binary,3
Between_Epochs,3,51,54,after_training,after_training,0.55955063,binary,3
Between_Epochs,3,84,87,after_training,after_training,0.55717943,binary,3
Between_Epochs,3,72,75,after_training,after_training,0.55744522,binary,3
Between_Epochs,3,75,78,after_training,after_training,0.55972028,binary,3
Between_Epochs,3,90,93,after_training,after_training,0.55817058,binary,3
Between_Epochs,3,78,81,after_training,after_training,0.55715527,binary,3
Between_Epochs,3,81,84,after_training,after_training,0.55788036,binary,3
Between_Epochs,3,87,90,after_training,after_training,0.55679298,binary,3
Between_Epochs,3,93,96,after_training,after_training,0.55674468,binary,3
Between_Epochs,3,99,102,after_training,after_training,0.55768694,binary,3
Between_Epochs,3,102,105,after_training,after_training,0.55800127,binary,3
Between_Epochs,3,96,99,after_training,after_training,0.55865453,binary,3
Between_Epochs,3,111,114,after_training,after_training,0.55739689,binary,3
Between_Epochs,3,108,111,after_training,after_training,0.55788036,binary,3
Between_Epochs,3,114,117,after_training,after_training,0.55790454,binary,3
Between_Epochs,3,117,120,after_training,after_training,0.55681712,binary,3
Between_Epochs,3,105,108,after_training,after_training,0.55792872,binary,3
Between_Epochs,3,120,123,after_training,after_training,0.55933257,binary,3
Between_Epochs,3,123,126,after_training,after_training,0.55710695,binary,3
Between_Epochs,3,135,138,after_training,after_training,0.55696203,binary,3
Between_Epochs,3,138,141,after_training,after_training,0.55553834,binary,3
Between_Epochs,3,132,135,after_training,after_training,0.55746939,binary,3
Between_Epochs,3,126,129,after_training,after_training,0.55737272,binary,3
Between_Epochs,3,129,132,after_training,after_training,0.55766276,binary,3
Between_Epochs,3,141,144,after_training,after_training,0.55742106,binary,3
Between_Epochs,3,147,150,after_training,after_training,0.55705864,binary,3
Between_Epochs,3,144,147,after_training,after_training,0.55693787,binary,3
Between_Epochs,3,150,153,after_training,after_training,0.55688957,binary,3
Between_Epochs,3,162,165,after_training,after_training,0.55843672,binary,3
Between_Epochs,3,156,159,after_training,after_training,0.55809802,binary,3
Between_Epochs,3,159,162,after_training,after_training,0.55795291,binary,3
Between_Epochs,3,165,168,after_training,after_training,0.55715527,binary,3
Between_Epochs,3,153,156,after_training,after_training,0.55732440,binary,3
Between_Epochs,3,168,171,after_training,after_training,0.55795291,binary,3
Between_Epochs,3,177,180,after_training,after_training,0.55614128,binary,3
Between_Epochs,3,174,177,after_training,after_training,0.55809802,binary,3
Between_Epochs,3,183,186,after_training,after_training,0.55544191,binary,3
Between_Epochs,3,171,174,after_training,after_training,0.55647913,binary,3
Between_Epochs,3,186,189,after_training,after_training,0.55553834,binary,3
Between_Epochs,3,189,192,after_training,after_training,0.55599653,binary,3
Between_Epochs,3,180,183,after_training,after_training,0.55705864,binary,3
Between_Epochs,3,192,195,after_training,after_training,0.55621366,binary,3
Between_Epochs,3,195,198,after_training,after_training,0.55616540,binary,3
Between_Epochs,4,9,12,after_training,after_training,0.55423227,binary,3
Between_Epochs,4,6,9,after_training,after_training,0.55573586,binary,3
Between_Epochs,4,3,6,after_training,after_training,0.55539609,binary,3
Between_Epochs,4,0,3,after_training,after_training,0.55641586,binary,3
Between_Epochs,4,12,15,after_training,after_training,0.55724237,binary,3
Between_Epochs,4,21,24,after_training,after_training,0.55437765,binary,3
Between_Epochs,4,15,18,after_training,after_training,0.55806976,binary,3
Between_Epochs,4,18,21,after_training,after_training,0.55423227,binary,3
Between_Epochs,4,27,30,after_training,after_training,0.55668316,binary,3
Between_Epochs,4,24,27,after_training,after_training,0.55568731,binary,3
Between_Epochs,4,30,33,after_training,after_training,0.55760729,binary,3
Between_Epochs,4,39,42,after_training,after_training,0.55775330,binary,3
Between_Epochs,4,33,36,after_training,after_training,0.55743697,binary,3
Between_Epochs,4,42,45,after_training,after_training,0.55804541,binary,3
Between_Epochs,4,36,39,after_training,after_training,0.55590581,binary,3
Between_Epochs,4,45,48,after_training,after_training,0.55656165,binary,3
Between_Epochs,4,51,54,after_training,after_training,0.55797237,binary,3
Between_Epochs,4,48,51,after_training,after_training,0.55787500,binary,3
Between_Epochs,4,54,57,after_training,after_training,0.55831328,binary,3
Between_Epochs,4,60,63,after_training,after_training,0.55731534,binary,3
Between_Epochs,4,66,69,after_training,after_training,0.55824021,binary,3
Between_Epochs,4,57,60,after_training,after_training,0.55590581,binary,3
Between_Epochs,4,69,72,after_training,after_training,0.55750996,binary,3
Between_Epochs,4,63,66,after_training,after_training,0.55845942,binary,3
Between_Epochs,4,72,75,after_training,after_training,0.55704782,binary,3
Between_Epochs,4,75,78,after_training,after_training,0.55821586,binary,3
Between_Epochs,4,81,84,after_training,after_training,0.55855687,binary,3
Between_Epochs,4,87,90,after_training,after_training,0.55675608,binary,3
Between_Epochs,4,78,81,after_training,after_training,0.55814281,binary,3
Between_Epochs,4,90,93,after_training,after_training,0.55699919,binary,3
Between_Epochs,4,84,87,after_training,after_training,0.55726669,binary,3
Between_Epochs,4,93,96,after_training,after_training,0.55563877,binary,3
Between_Epochs,4,96,99,after_training,after_training,0.55845942,binary,3
Between_Epochs,4,99,102,after_training,after_training,0.55675608,binary,3
Between_Epochs,4,108,111,after_training,after_training,0.55716941,binary,3
Between_Epochs,4,102,105,after_training,after_training,0.55792369,binary,3
Between_Epochs,4,105,108,after_training,after_training,0.55831328,binary,3
Between_Epochs,4,114,117,after_training,after_training,0.55588153,binary,3
Between_Epochs,4,111,114,after_training,after_training,0.55814281,binary,3
Between_Epochs,4,117,120,after_training,after_training,0.55692625,binary,3
Between_Epochs,4,120,123,after_training,after_training,0.55605150,binary,3
Between_Epochs,4,129,132,after_training,after_training,0.55670747,binary,3
Between_Epochs,4,123,126,after_training,after_training,0.55785066,binary,3
Between_Epochs,4,126,129,after_training,after_training,0.55763162,binary,3
Between_Epochs,4,138,141,after_training,after_training,0.55673178,binary,3
Between_Epochs,4,135,138,after_training,after_training,0.55904428,binary,3
Between_Epochs,4,132,135,after_training,after_training,0.55539609,binary,3
Between_Epochs,4,141,144,after_training,after_training,0.55862996,binary,3
Between_Epochs,4,144,147,after_training,after_training,0.55780198,binary,3
Between_Epochs,4,147,150,after_training,after_training,0.55580869,binary,3
Between_Epochs,4,156,159,after_training,after_training,0.55585725,binary,3
Between_Epochs,4,159,162,after_training,after_training,0.55515348,binary,3
Between_Epochs,4,150,153,after_training,after_training,0.55673178,binary,3
Between_Epochs,4,162,165,after_training,after_training,0.55753429,binary,3
Between_Epochs,4,165,168,after_training,after_training,0.55841070,binary,3
Between_Epochs,4,153,156,after_training,after_training,0.55753429,binary,3
Between_Epochs,4,168,171,after_training,after_training,0.55787500,binary,3
Between_Epochs,4,171,174,after_training,after_training,0.55733966,binary,3
Between_Epochs,4,174,177,after_training,after_training,0.55833763,binary,3
Between_Epochs,4,180,183,after_training,after_training,0.55661025,binary,3
Between_Epochs,4,177,180,after_training,after_training,0.55733966,binary,3
Between_Epochs,4,183,186,after_training,after_training,0.55607579,binary,3
Between_Epochs,4,189,192,after_training,after_training,0.55843506,binary,3
Between_Epochs,4,186,189,after_training,after_training,0.55787500,binary,3
Between_Epochs,4,192,195,after_training,after_training,0.55763162,binary,3
Between_Epochs,4,195,198,after_training,after_training,0.55578441,binary,3
Between_Epochs,0,0,30,after_training,after_training,0.51240541,binary,30
Between_Epochs,0,30,60,after_training,after_training,0.52878975,binary,30
Between_Epochs,0,60,90,after_training,after_training,0.54028953,binary,30
Between_Epochs,0,90,120,after_training,after_training,0.53847097,binary,30
Between_Epochs,0,120,150,after_training,after_training,0.54128328,binary,30
Between_Epochs,0,150,180,after_training,after_training,0.54458128,binary,30
Between_Epochs,1,0,30,after_training,after_training,0.51626737,binary,30
Between_Epochs,1,120,150,after_training,after_training,0.54327843,binary,30
Between_Epochs,1,30,60,after_training,after_training,0.52996942,binary,30
Between_Epochs,1,60,90,after_training,after_training,0.53933725,binary,30
Between_Epochs,1,90,120,after_training,after_training,0.54009543,binary,30
Between_Epochs,1,150,180,after_training,after_training,0.54113914,binary,30
Between_Epochs,2,0,30,after_training,after_training,0.50883509,binary,30
Between_Epochs,2,60,90,after_training,after_training,0.53630449,binary,30
Between_Epochs,2,30,60,after_training,after_training,0.52760186,binary,30
Between_Epochs,2,90,120,after_training,after_training,0.53959653,binary,30
Between_Epochs,2,150,180,after_training,after_training,0.54278440,binary,30
Between_Epochs,2,120,150,after_training,after_training,0.54198029,binary,30
Between_Epochs,3,0,30,after_training,after_training,0.51496581,binary,30
Between_Epochs,3,90,120,after_training,after_training,0.54125397,binary,30
Between_Epochs,3,30,60,after_training,after_training,0.52815969,binary,30
Between_Epochs,3,120,150,after_training,after_training,0.54445573,binary,30
Between_Epochs,3,60,90,after_training,after_training,0.53451465,binary,30
Between_Epochs,3,150,180,after_training,after_training,0.54255679,binary,30
Between_Epochs,4,0,30,after_training,after_training,0.51321161,binary,30
Between_Epochs,4,30,60,after_training,after_training,0.53237532,binary,30
Between_Epochs,4,60,90,after_training,after_training,0.53997282,binary,30
Between_Epochs,4,90,120,after_training,after_training,0.54144893,binary,30
Between_Epochs,4,120,150,after_training,after_training,0.54061529,binary,30
Between_Epochs,4,150,180,after_training,after_training,0.54228348,binary,30
